,id,author_id,created_at,lang,text,classific,score
0,1,16.30789806,2022-06-15 21:23:53+00:00,pt,"Pandemia acelerou transforma√ß√£o digital da m√£o de obra do trabalho, diz especialista https://t.co/at6xYjNRPG https://t.co/v73oHIZJ5x",neutro,0.5595238095238094
1,2,30.12152731,2022-06-15 21:23:51+00:00,pt,"n√£o tenho estrutura nenhuma pra minha gata com covid, eu fico grudada nessa mulher de segunda a segunda;;;",neutro,0.5
2,3,60.11008242,2022-06-15 21:23:49+00:00,pt,RT @g_garc2: Tempos estranhos...;;;,neutro,0.5
3,4, - , - ,pt,Pandemia politicamente correta. ;;;,neutro,0.5
4,5, - , - ,pt,"A que ponto chegamos! https://t.co/Yg9bwd6tog"";;;",neutro,0.5
5,6,63.12932635,2022-06-15 21:23:48+00:00,pt,"@karinamichelin Deu covid, hj tosse...  muita tosse;;;",neutro,0.5
6,7,82.98345338,2022-06-15 21:23:47+00:00,pt,"RT @Rconstantino: Rapaz, tomou todos os cuidados, ficou embaixo da cama com duas m√°scaras, tomou 18 doses de vacina, e os sintomas foram fo‚Ä¶;;;",neutro,0.5909090909090907
7,8,0.266741252,2022-06-16 21:23:54+00:00,pt,COVID: Brasil registra 151 √≥bitos e 32 mil casos nas √∫ltimas 24h. https://t.co/xwE96iaK41 https://t.co/uzfOHrYcRA;;;,positivo,0.7500000000000009
8,9,1.24794302,2022-06-16 21:23:54+00:00,pt,"RT @jandira_feghali: O Brasil est√° prestes a perder 28 MILH√ïES de doses de vacina contra a covid-19. E n√£o tem incentivo √† vacina√ß√£o, n√£o t‚Ä¶;;;",neutro,0.5909090909090907
9,10,3.951990138,2022-06-16 21:23:54+00:00,pt,"@JoaoGabriel_jgl simmm, e olha q nunca tive covid;;;",neutro,0.5
10,11,13.14646858,2022-06-16 21:23:54+00:00,pt,"@oelyredna @oatila Oi, tudo bem? Acho que o investimento nessa tecnologia √© interessante porque ela consegue atualizar a vacina bem mais r√°pido que as outras. Eu lembro de um post aqui fazendo essa compara√ß√£o, mas n√£o achei a fonte, foi mal;;;",positivo,0.7137931034482763
11,12,18.18487453,2022-06-16 21:23:53+00:00,pt,"RT @rmotta2: Enquanto o mundo caminha para a recess√£o, o Brasil entra em nova era de crescimento.;;;",positivo,0.9156479217603904
12,13, - , - ,pt,"A causa √© simples, e foi explicada por P‚Ä¶"";;;",neutro,0.5
13,14,33.27188199,2022-06-16 21:23:52+00:00,pt,"@EduardoLeite_ vc conseguiu tirar o cara que salvou o nosso pa√≠s da pandemia, e quem √© vc ?;;;",negativo,0.2499999999999997
14,15, - , - ,pt,"https://t.co/IeQjmLyWuE"";;;",neutro,0.5
15,16,34.75347149,2022-06-16 21:23:52+00:00,pt,RT @10_5_6_5: 1/9) Como surgiram famosos propagadores de fake news: N√£o havia como usar conte√∫do que youtubers publicavam em seus canais co‚Ä¶;;;,negativo,0.2940553515955944
16,17,77.28996974,2022-06-16 21:23:47+00:00,pt,"RT @AxelJorge92: Lula e seus aliados, que desviaram milh√µes no combate a covid.;;;",neutro,0.5
17,18, - , - ,pt,"Lula e seus corruptos do cons√≥rcio nordeste. https://t.co/‚Ä¶"";;;",neutro,0.5
18,19,81.1119376,2022-06-16 21:23:47+00:00,pt,"@caloura_lu Amiga, t√¥ muito doente e o que me deixa mais puta √© que n√£o √© covid;;;",neutro,0.5
19,20,88.13982733,2022-06-16 21:23:46+00:00,pt,Por que ser√°??? Ser√° que o povo viu que n√£o adianta nada? Ser√° que √© porque tiveram rea√ß√£o √† vacina? üëÄüëÄ;;;,negativo,0.2499999999999997
20,21, - , - ,pt,"@jairbolsonaro @anvisa_oficial @casacivilbr @minsaude @assembleiasc #chegadevacina #fimdasrestri√ß√µes #COVID19 https://t.co/CM5rjcY4Rg"";;;",neutro,0.5
21,22,8.710309634,2022-06-17 21:23:52+00:00,pt,"@JackssonAndre @PapaPezzoo @geglobo Ano passado teve pandemia, quando liberou o est√°dio total foi 60 mil;;;",negativo,0.37195121951219473
22,23,23.73370561,2022-06-17 21:23:50+00:00,pt,Meu pai pegou covid tamb√©m mas foi bem branda a√≠ ele me ligou agora pra ver como eu tava e tal: ah mas eu tomei as tr√™s vacinas n√© blabla veio mais leve ainda bem;;;,neutro,0.5
23,24, - , - ,pt,"Plot: meu pai √© bolsonarista ü§°"";;;",neutro,0.42049272116461367
24,25,24.41055102,2022-06-17 21:23:50+00:00,pt,"@beltraomaria Estou com covid pela segunda vez, na primeira foi osso, essa segunda, gra√ßas a Deus, estou bem!;;;",negativo,0.37500000000000044
25,26, - , - ,pt,"Melhoras"";;;",neutro,0.5
26,27,40.784074932682645000,2022-06-17 21:23:47+00:00,pt,@copinho_swiftie Obrigada e tomara. Estou com saudades do que fazia antes da pandemia. üòîüôè;;;,neutro,0.5
27,28,42.1290862,2022-06-17 21:23:47+00:00,pt,"@ShyrlaneK @alesilva_38 ENGRA√áADO √â AUE OS FUNCION√ÅRIOS MAIS ANTIGOS DA PETROBR√ÅS DIZEM QUE QUEM ROUBAVA TUDO QUE ERA LUCRO ERA O LADR√ÉO DE 9 DEDOS,E AGRADECEM O ATUAL GOVERNO POR TENTAR PAGAR A CONTA,PRA ANO QUE VEM,SEM PANDEMIA E OS ROUBOS DELE, A ",positivo,0.8230769230769229
28,29,1.146398946,2022-06-18 21:23:54+00:00,pt,"RT @senadorhumberto: Denunciada na CPI da Covid, a Prevent Senior est√° sendo investigada pelo MP de S√£o Paulo por supostos crimes cometidos‚Ä¶;;;",positivo,0.7825964991023343
29,30,9.124544185,2022-06-18 21:23:53+00:00,pt,"üî¥Enquanto o n√∫mero de casos de #COVID19 cresce no Brasil, mais pacientes v√£o relatando sintomas como tosse e dor de garganta 4 semanas ap√≥s o per√≠odo de transmiss√£o.;;;",neutro,0.5
30,31, - , - ,pt,Entende a import√¢ncia de se cuidar?;;;,neutro,0.5
31,32, - , - ,pt,Veja a situa√ß√£o no Paran√°üëá;;;,neutro,0.5
32,33, - , - ,pt,"https://t.co/YalvYfOi6A https://t.co/KNV9zTeOYK"";;;",neutro,0.5
33,34,30.23394756,2022-06-18 21:23:51+00:00,pt,T√¥ aproveitando a covid para por algumas s√©ries em dia.;;;,neutro,0.5
34,35, - , - ,pt,Kenobi;;;,positivo,0.8437499999999998
35,36, - , - ,pt,The boys terceira temporada ;;;,neutro,0.47307535530856837
36,37, - , - ,pt,"Umbrella academy"";;;",negativo,0.28048780487804864
37,38,36.12850676,2022-06-18 21:23:50+00:00,pt,"parte ruim do covid: al√©m de n√£o sair de casa, andar de m√°scara na sua CASA. ;;;",neutro,0.5
38,39, - , - ,pt,"AAAAAAAAAAAAAA"";;;",neutro,0.5
39,40,46.15245548,2022-06-18 21:23:48+00:00,pt,"Ser√° que ela n√£o entende que as consequ√™ncia do assalto do PT √© um grande respons√°vel pela situa√ß√£o da Petrobras, milhares de empresas fechadas s√≥ em SP, 14 milh√µes de desempregados deixaram o pa√≠s. Isso sem pandemia e sem guerra.;;;",positivo,0.9000000000000002
40,41,56.10017141,2022-06-18 21:23:46+00:00,pt,"Imagina s√≥ que tem gente que tem medo de tomar vacina pq diz que tem chip da China, mas n√£o tem medo de dar todos seus dados gen√©ticos para uma empresa qualquer https://t.co/IUEqC2yxX5;;;",positivo,0.9833442730554617
41,42,61.1484265130275880000,2022-06-18 21:23:46+00:00,pt,√â in√∫til discutir com quem acredita que a China estava implantando chip com a vacina e que rem√©dio de verme mata v√≠rus.;;;,positivo,0.846398305084746
42,43,71.1407048,2022-06-18 21:23:45+00:00,pt,"RT @PedroRonchi2: N√£o percam tempo discutindo com bolsonaristas, foquem nas pessoas que tem c√©rebro. Lembrem-se que eles acreditaram que a‚Ä¶;;;",positivo,0.7000000000000001
43,44,98.13429485,2022-06-18 21:23:41+00:00,pt,RT @oguifer_: Usar m√°scara no frio por causa do COVID ü§Æü§¢ü§¢ü§Æü§Æüò§üò§;;;,neutro,0.5
44,45, - , - ,pt,"Usar m√°scara no frio para aquecer o rosto üòçüòçü•∞üòÆ‚Äçüí®üòâüòåü•∞ü§™ü§™"";;;",neutro,0.5
45,46,1.28457394,2022-06-19 21:23:54+00:00,pt,@DrBrunoGino @Jonygpp Obrigado pelo aviso. J√° decidi. N√£o vou pegar covid. ;;;,neutro,0.5
46,47, - , - ,pt,"S√≥ preciso combinar com o v√≠rus agora."";;;",neutro,0.5
47,48,5.27687919,2022-06-19 21:23:54+00:00,pt,"Oi? √â chato mas o empregador Estado em Portugal n√£o despede ningu√©m porque engravidou ou derivados. A escola p√∫blica formou milhares de portugueses. Quando precis√°mos, numa pandemia, recorremos todos ao SNS. O meu sonho √© um doente com tratamento caro ser tratado de borla https://t.co/JrFvkhctiD;;;",positivo,0.749999999999999
48,49,54.34140871,2022-06-19 21:23:48+00:00,pt,"@chico_psol Fazendo + 1 ""motociata"" pat√©tica, sem capacete viu @policiafederal, justamente no Amazonas onde Dom e Bruno foram assassinados ü§¶üèΩüò¢ O pa√≠s com combust√≠vel a pre√ßo de d√≥lar, milh√µes de famintos e 670k mortes por covid. Ele est√° c",negativo,0.25
49,50,66.28239201,2022-06-19 21:23:46+00:00,pt,"@mineiro1brasil @HugoVelasques74 Fui pra escola b√≠blica de manh√£, mas agora vou n√£o, muita tosse eu e esposa, na minha rua metade das pessoas t√° com covid.;;;",positivo,0.9705882352941161
50,51,79.15194478,2022-06-19 21:23:45+00:00,pt,"RT @LucianoHangBr: Felipe Neto pega Covid pela 3¬™ vez e Osmar Terra alfineta: ""2 anos de isolamento"" https://t.co/Qb72eSs6U6;;;",negativo,0.375
51,52,93.14484675,2022-06-19 21:23:44+00:00,pt,"@felipeneto @OsmarTerra Eu peguei COVID do meu irm√£o que se vacinou, s√≥ sentir uma gripezinha!;;;",neutro,0.5434782608695654
52,53,10.13015279,2022-06-20 21:23:53+00:00,pt,@LeoSMoretto nem sabia ;;;,neutro,0.5
53,54, - , - ,pt,"a pandemia foi uma desgra√ßa em nossas vidas mesmo https://t.co/qbW5wtXujz"";;;",neutro,0.5434782608695654
54,55,33.44360925,2022-06-20 21:23:50+00:00,pt,RT @lincoln_portela: Recebi v√°rias den√∫ncias de pais de alunos da rede p√∫blica de ensino de Contagem-MG que relatam estarem sendo coagidos‚Ä¶;;;,neutro,0.5
55,56,67.46645878,2022-06-20 21:23:46+00:00,pt,"@ibs94 @em_com N√£o houve injusti√ßa, trabalhei com os dados do v√≠deo em quest√£o com os de hoje para argumentar que se o Eduardo questionava o pre√ßo daquela √©poca, porque estamos pior ainda? Est√° mais caro do que na √©poca comentada por ele, mesmo le",negativo,0.25
56,57,77.1497305580083590000,2022-06-20 21:23:44+00:00,pt,NO TENGO COVID CHAV√ìS;;;,neutro,0.5
57,58,86.14450961,2022-06-20 21:23:44+00:00,pt,"N√£o deixe sua prote√ß√£o de lado, Vacine-se! Foram mais de 500 milh√µes de doses de vacinas distribu√≠das e vamos continuar aplicando. Fique atento √†s doses de refor√ßo e complete seu esquema vacinal. Em caso de sintomas, fa√ßa o teste.;;;",positivo,0.6926531770045385
58,59, - , - ,pt,"Para saber mais, acesse https://t.co/AUjx20ugPy https://t.co/BMaR9EpEu0"";;;",positivo,0.6249999999999998
59,60,92.36129904,2022-06-20 21:23:43+00:00,pt,"@MTSacra @CFDanniel @g1 Nada era p Covid, a doen√ßa nunca tinha sido ouvida antes! Ent√£o valia tudo p quem iria morrer! Afinal n√£o √© f√°cil s√≥ ficar esperando por uma vacinada q era dose √∫nica e virou 4 doses!;;;",positivo,0.7104187946884577
60,61,11.13426351,2022-06-21 21:23:54+00:00,pt,"RT @lordivan22: üö®EUA üá∫üá∏: Joe Biden: ""Precisamos de mais dinheiro. N√£o precisamos apenas de mais dinheiro para vacinas para crian√ßas, precis‚Ä¶;;;",neutro,0.5833333333333333
61,62,16.13650392,2022-06-21 21:23:53+00:00,pt,"RT @hilde_angel: Desde sempre, Suplicy tenta ver em pr√°tica seu projeto de renda b√°sica. Tivesse sido implantado nos governos PT, e caso a‚Ä¶;;;",neutro,0.5
62,63,17.95763381,2022-06-21 21:23:53+00:00,pt,"RT @lordivan22: üö®EUA üá∫üá∏: Joe Biden: ""Precisamos de mais dinheiro. N√£o precisamos apenas de mais dinheiro para vacinas para crian√ßas, precis‚Ä¶;;;",neutro,0.5833333333333333
63,64,18.14102565,2022-06-21 21:23:53+00:00,pt,RT @brom_elisa: Ah t√° ü§°;;;,neutro,0.5
64,65, - , - ,pt,"A Esquerda chega ao poder e bem, calma l√°,n√£o √© bem assim, pandemia,infla√ß√£o n√£o v√£o deixar a gente fazer tudo que‚Ä¶"";;;",neutro,0.5
65,66,21.39973121,2022-06-21 21:23:53+00:00,pt,"Dos leitos existentes na rede de sa√∫de do Piau√≠ para atendimento √† Covid-19, 61 est√£o ocupados  https://t.co/KHVgA7lP5H #boletim #covid #obitos #casos #sesapi;;;",neutro,0.5
66,67,24.1323051099436290000,2022-06-21 21:23:52+00:00,pt,covid terminou de estragar a mem√≥ria que eu j√° n tinha;;;,neutro,0.5
67,68,26.14230597,2022-06-21 21:23:52+00:00,pt,RT @karinamichelin: https://t.co/bEQH0c1IGj;;;,neutro,0.5
68,69, - , - ,pt,"Um novo estudo realizado pela Universidade do Colorado, conduzido por v√°rios m√©dicos descobriu‚Ä¶"";;;",negativo,0.125
69,70,32.14552673,2022-06-21 21:23:51+00:00,pt,"RT @LulaOficial: Essa elei√ß√£o n√£o √© uma elei√ß√£o qualquer. Temos um cidad√£o que durante a pandemia menosprezou o conhecimento cientifico, a‚Ä¶;;;",neutro,0.5434782608695654
70,71,42.14741007,2022-06-21 21:23:51+00:00,pt,"Bicho s√≥ foi tirar essas m√°scaras que j√° t√¥ na terceira crise gripal no ano mas que inferno. Passei 2 anos de pandemia, peguei nada no olho do furac√£o;;;",negativo,0.2777777777777777
71,72,48.1254077833741310000,2022-06-21 21:23:50+00:00,pt,RT @OsmarTerra: E Serrana? O munic√≠pio vitrine da vacina√ß√£o em massa com a  Coronavac‚Ä¶ case do Butantan‚Ä¶ vacinou quase toda a popula√ß√£o em‚Ä¶;;;,negativo,0.23828124999999978
72,73,50.49678519,2022-06-21 21:23:50+00:00,pt,"@jooaopedro12 melhoras mano, e va fazer o teste de covid, h√° 2 meses atras eu tava assim e era covid;;;",positivo,0.8857615894039731
73,74,71.190463954,2022-06-21 21:23:48+00:00,pt,@oliviasalezze Amiga covid n√© ü•πü•∫ü•≤;;;,neutro,0.5
74,75,23.12548358,2022-06-22 21:23:53+00:00,pt,RT @covid19brbot: ‚ö†Ô∏èÔ∏è [ATUALIZA√á√ÉO] ‚ö†Ô∏èÔ∏è;;;,neutro,0.5
75,76, - , - ,pt,üîó Fonte: @ConassOficial;;;,neutro,0.5
76,77, - , - ,pt,üáßüá∑ Brasil tem 31.890.733 casos e 669.530 √≥bitos por #coronavirus.;;;,neutro,0.5
77,78, - , - ,pt,"üìà Aumen‚Ä¶"";;;",neutro,0.5
78,79,25.20294924,2022-06-22 21:23:52+00:00,pt,"os sintomas da quarta dose t√£o durando mais que os sintomas de quando positivei pra covid (n√£o estou reclamando, inclusive agradecendo);;;",neutro,0.47916666666666646
79,80,27.10646646,2022-06-22 21:23:52+00:00,pt,"@lksolveig @lasiermartins Se viu que coisa mulher, os caras financiam tratores, trocam dinheiro do mec poe ouro, negocia vacina com empresa fantasma, cria or√ßamento secreto, tudo isso sem haver nenhuma fiscaliza√ß√£o, tudo por fora da lei ! Que doideira ",negativo,0.16666666666666688
80,81,33.1011372829604970000,2022-06-22 21:23:51+00:00,pt,RT @Elizabe66388539: #SumaRodrigoGarcia @carlaopignatari @PSDBoficial @PSDB_SP @AssembleiaSP @gilmacisantos10 @MajorMecca Governador de S√£o‚Ä¶;;;,neutro,0.5
81,82,34.13726353,2022-06-22 21:23:51+00:00,pt,RT @randolfeap: Nossa luta em defesa da VIDA continua! ;;;,negativo,0.2499999999999997
82,83, - , - ,pt,"Em resposta √† nossa a√ß√£o, o ministro Ricardo Lewandowski, do STF, determinou que a‚Ä¶"";;;",neutro,0.4166666666666665
83,84,38.13719552,2022-06-22 21:23:51+00:00,pt,RT @randolfeap: Nossa luta em defesa da VIDA continua! ;;;,negativo,0.2499999999999997
84,85, - , - ,pt,"Em resposta √† nossa a√ß√£o, o ministro Ricardo Lewandowski, do STF, determinou que a‚Ä¶"";;;",neutro,0.4166666666666665
85,86,50.1432732865570250000,2022-06-22 21:23:49+00:00,pt,@Tali_Mito22 Marina Silva com COVID;;;,positivo,0.9000000000000002
86,87,56.37531846,2022-06-22 21:23:48+00:00,pt,"@AndradeRNegro2 Semana passada ela me pegou. Sintomas leves, tudo muito tranquilo, devido as 4 doses de vacina. Ainda sem saber como me contaminei.;;;",positivo,0.7065217391304341
87,88,80.1198033622936240000,2022-06-22 21:23:46+00:00,pt,Al√©m de que l√° na cl√≠nica disseram que j√° tinha 4 funcion√°rios com covid...;;;,neutro,0.5
88,89,84.11286117,2022-06-22 21:23:45+00:00,pt,RT @randolfeap: Nossa luta em defesa da VIDA continua! ;;;,negativo,0.2499999999999997
89,90, - , - ,pt,"Em resposta √† nossa a√ß√£o, o ministro Ricardo Lewandowski, do STF, determinou que a‚Ä¶"";;;",neutro,0.4166666666666665
90,91,98.28279844,2022-06-22 21:23:43+00:00,pt,"@Ideias_Radicais Isso √© verdade, desviou de 5 bi na educa√ß√£o, e 1 bi na dose da vacina;;;",neutro,0.47916666666666646
91,92,10.12454419,2022-06-23 21:23:53+00:00,pt,"@CamilaSccp10 @MiguelNicolelis @oatila @schrarstzhaupt @leorovatti @nicolaskasprzak @fabioirodrigues @ananias_1979 Obrigado, Camila. ;;;",neutro,0.5
92,93, - , - ,pt,"365 novas mortes e 70 mil casos em 24h. At√© quando parte deste pa√≠s vai seguir amenizando os impactos da pandemia?"";;;",neutro,0.5
93,94,25.970888343826436000,2022-06-23 21:23:53+00:00,pt,RT @ToFlyVolleyball: üáÆüáπ A It√°lia retomou hoje os treinamentos para a VNL sem 3 jogadoras que testaram positivo para covid ap√≥s a etapa de B‚Ä¶;;;,neutro,0.5
94,95,30.14863332,2022-06-23 21:23:52+00:00,pt,"RT @Ferdeg2017: Prender o Milton Ribeiro √© f√°cil, quero ver prender o Z√© Dirceu, o Renan Calheiros, o Lula, o Paulinho da For√ßa, o Sarney,‚Ä¶;;;",positivo,0.6874999999999996
95,96,35.1141151380419290000,2022-06-23 21:23:51+00:00,pt,RT @iCorlyy: falei pra minha chefe que tava com covid e a resposta dela me emocionou üòç https://t.co/fJd741s5Vl;;;,neutro,0.5
96,97,36.1535498583927020000,2022-06-23 21:23:51+00:00,pt,@Murilovie2603 vacina desgra√ßa üò≠üò≠üò≠;;;,neutro,0.5
97,98,39.11577201,2022-06-23 21:23:51+00:00,pt,"RT @PedroRonchi2: Bolsonaro colocou sigilo no pr√≥prio cart√£o de vacina, no cart√£o corporativo, no encontro com pastores, na visita dos filh‚Ä¶;;;",neutro,0.5
98,99,64.12623436,2022-06-23 21:23:48+00:00,pt,"RT @BarbeariaPoian: Alerta: Rede Mundial de Sa√∫de (WHN) declara a var√≠ola dos macacos uma PANDEMIA! üôàüôàüôà ""Coincidentemente"", pouco antes da‚Ä¶;;;",neutro,0.5434782608695654
99,100,70.13257402,2022-06-23 21:23:48+00:00,pt,"RT @prevtrabalho: Nesta quinta-feira (23), foi realizada a reuni√£o da 4¬™ C√∫pula Ministerial sobre Produtividade. Durante o evento, o minist‚Ä¶;;;",neutro,0.5
100,101,74.27955916,2022-06-23 21:23:47+00:00,pt,"@randolfeap @senadorgiordano Seu grau de idiotice beira a dem√™ncia, CPI circense igual a da COVID, puramente teatral para seus eleitores asseclas e esquerdopatas, voc√™s s√£o doentes, voc√™ ainda sofrer√° o troco sendo alijado da vida p√∫blica , voc√™ √©",negativo,0.2499999999999997
101,102,94.13170894,2022-06-23 21:23:46+00:00,pt,"RT @PedroRonchi2: Bolsonaro colocou sigilo no pr√≥prio cart√£o de vacina, no cart√£o corporativo, no encontro com pastores, na visita dos filh‚Ä¶;;;",neutro,0.5
102,103,96.1399798651594100000,2022-06-23 21:23:46+00:00,pt,coitada da v√©ia pegou covid ela;;;,neutro,0.5
103,104,99.15103097,2022-06-23 21:23:45+00:00,pt,"@Felipin07_5316 @jotaplaystv ""por causa da vacina"" como se a culpa fosse da vacina e n√£o da burrice dele;;;",positivo,0.75
104,105,4.143384874,2022-06-24 21:23:54+00:00,pt,@senadorhumberto @GloboNews APESAR PANDEMIA E GUERRA DA UCR√ÇNIA: DESEMPREGO DESPENCA E CHEGA 9%. A DESPIORA EST√Å FORTE!;;;,neutro,0.5
105,106, - , - ,pt,"@jairbolsonaro Este √© o presidente que queremos e vamos votar nele 2022. O povo hoje v√™ as realiza√ß√µes. S√ÉO CONSISTES COM REALIDADE. Merece Voto popular. #BolsonaroReeleito2022 https://t.co/pv8HsjnjcR"";;;",neutro,0.5335365853658537
106,107,8.138313629,2022-06-24 21:23:53+00:00,pt,RT @valeskmari: - Orfanatos cheios: Foda-se.;;;,neutro,0.5
107,108, - , - ,pt,"- Crian√ßas negras mor‚Ä¶"";;;",neutro,0.5
108,109,16.3704261,2022-06-24 21:23:52+00:00,pt,"RT @saudeprefsp: üíâ Na segunda-feira (27), a @saudeprefsp inicia a aplica√ß√£o da segunda dose adicional (quarta dose) da vacina contra a Covi‚Ä¶;;;",neutro,0.47916666666666646
109,110,17.234058922,2022-06-24 21:23:52+00:00,pt,RT @ASachsida: Maior desastre ambiental da hist√≥ria (2019); maior pandemia da hist√≥ria (2020-22); maior crise h√≠drica em 100 anos (2021); m‚Ä¶,neutro,0.5133333333333334
110,111,26.97697886,2022-06-24 21:23:51+00:00,pt,"RT @carmelonetobr: URGENTE: Ipea aponta que o desempregou caiu para 9,4% em abril, o MENOR √çNDICE dos √∫ltimos SETE ANOS. √â isso mesmo que v‚Ä¶;;;",negativo,0.2499999999999997
111,112,29.32344685,2022-06-24 21:23:51+00:00,pt,"@guilhermeqdL @roque_mn Tem vacina de febre aftosa hj n√£o, volta outro dia pf;;;",negativo,0.09999999999999992
112,113,38.13926581,2022-06-24 21:23:50+00:00,pt,RT @BolsonaroSP: Presidente Bolsonaro anuncia que valor do Aux√≠lio Brasil subir√° de R$ 400 para R$ 600. ;;;,neutro,0.5338983050847458
113,114, - , - ,pt,"O programa substituiu o Bolsa Fam‚Ä¶"";;;",neutro,0.5
114,115,40.595918548,2022-06-24 21:23:49+00:00,pt,guilherme positivando de covid depois de 200 exames negativos eh o fim dos tempos;;;,neutro,0.41071428571428586
115,116,46.14809768,2022-06-24 21:23:49+00:00,pt,"RT @carmelonetobr: URGENTE: Ipea aponta que o desempregou caiu para 9,4% em abril, o MENOR √çNDICE dos √∫ltimos SETE ANOS. √â isso mesmo que v‚Ä¶;;;",negativo,0.2499999999999997
116,117,48.12167554,2022-06-24 21:23:49+00:00,pt,RT @ConassOficial: #PainelConass Covid-19;;;,neutro,0.5
117,118, - , - ,pt,Casos;;;,neutro,0.5
118,119, - , - ,pt,‚Ä¢ 60.384 no √∫ltimo per√≠odo;;;,neutro,0.5
119,120, - , - ,pt,‚Ä¢ 32.023.166 acumulados;;;,neutro,0.5
120,121, - , - ,pt,√ìbitos;;;,neutro,0.5
121,122, - , - ,pt,"‚Ä¢ 334 no‚Ä¶"";;;",neutro,0.5
122,123,70.87687344,2022-06-24 21:23:46+00:00,pt,"RT @carmelonetobr: URGENTE: Ipea aponta que o desempregou caiu para 9,4% em abril, o MENOR √çNDICE dos √∫ltimos SETE ANOS. √â isso mesmo que v‚Ä¶;;;",negativo,0.2499999999999997
123,124,86.1253478637355120000,2022-06-24 21:23:44+00:00,pt,A CPI da COVID-19 foi um circo. A CPI do MEC e a das assinaturas falsa da Senadora. Ser√° a CPI onde o palha√ßo pode terminar enforcado com a pr√≥pria corda que teceu. Vamos aguardar o andar da carruagem. PR .cada vez mais forte toda vez que tentam destruir ele ressurge das cinzas. https://t.co/rbp8ZQFxG8;;;,negativo,0.2894736842105276
124,125,94.85259448,2022-06-24 21:23:43+00:00,pt,"RT @AmazoniaAzulBR: Guerra, pandemia, crise h√≠drica e mesmo assim conseguiu menor patamar de desemprego em 7 anos.;;;",positivo,0.75
125,126, - , - ,pt,"üëèüëèüëèüëèüëèüáßüá∑üöÄ https://t.co/44‚Ä¶"";;;",neutro,0.5
126,127,0.1460952847223340000,2022-06-25 21:23:54+00:00,pt,@KanjiZer0 acho q √© tipo a comprova√ß√£o da vacina;;;,neutro,0.5
127,128,3.83598100,2022-06-25 21:23:54+00:00,pt,RT @senadorhumberto: Estudo publicado na Lancet mostra o tamanho do estrago provocado por Bolsonaro na condu√ß√£o da pandemia. O Brasil super‚Ä¶;;;,neutro,0.5
128,129,6.71530868,2022-06-25 21:23:53+00:00,pt,RT @secomvc: Abril atinge MENOR TAXA DE DESEMPREGO desde outubro de 2015.;;;,neutro,0.5
129,130, - , - ,pt,"Resultado √© fruto dos esfor√ßos do Governo Federal no combate √† p‚Ä¶"";;;",positivo,0.6458333333333333
130,131,24.51443071,2022-06-25 21:23:51+00:00,pt,RT @rafaelbboa: Brasil.;;;,neutro,0.5
131,132, - , - ,pt,guerra na Ucr√¢nia e toda for√ßa contr√°ria De volta √†s 10 maiores economias DO MUNDO mesmo com pandemia,neutro,0.5
132,133, - , - ,pt,"OBRIGADO‚Ä¶"";;;",neutro,0.5
133,134,26.1257415,2022-06-25 21:23:51+00:00,pt,"RT @renatobarrosbr: Os mesmos que est√£o dizendo que a decis√£o da Suprema Corte americana ""fere as liberdades individuais"", fizeram campanha‚Ä¶;;;",negativo,0.2499999999999997
134,135,27.15193764,2022-06-25 21:23:51+00:00,pt,RT @PadraoAlexandre: - Obrigado Gov. Bolsonaro üáßüá∑;;;,neutro,0.5
135,136, - , - ,pt,Pandemia e Guerra. 3 anos e 7 meses com Seca,positivo,0.7500000000000009
136,137, - , - ,pt,"Impren$a, STF, Senado com CPI dos ü§° , Gove‚Ä¶"";;;",neutro,0.5
137,138,41.49166349,2022-06-25 21:23:49+00:00,pt,"RT @jairbolsonaro: - Ap√≥s anos consertando o estrago causado pelo maior esquema da hist√≥ria do pa√≠s protagonizado pelo governo do PT, o des‚Ä¶;;;",neutro,0.5
138,139,54.1511102,2022-06-25 21:23:47+00:00,pt,"RT @ElaineD45256888: ü§ùBuenos dias pr√° ti, que torce e vibra com o progresso do teu Pa√≠s!!! üôèüòäüßâ‚òïüáßüá∑üáßüá∑üáßüá∑üáßüá∑2Ô∏è‚É£2Ô∏è‚É£Baita s√°bado pr√° n√≥s!!! ü•Çüçªüçªüçïüçîüçó‚Ä¶;;;",neutro,0.5
139,140,57.62904655,2022-06-25 21:23:46+00:00,pt,RT @BlogdoNoblat: Pfizer anuncia vacinas contra Covid-19 adaptadas √† √îmicron com alta resposta imune (cnn);;;,neutro,0.5
140,141,68.12999004,2022-06-25 21:23:44+00:00,pt,"@CondutoideRay Krl Ray, n√£o sabia que vc tinha passado por tanta merda assim, ano passado eu me senti muito desse jeito pois n√£o tinha nenhuma sensa√ß√£o de pertencimento no grupo de amigos online que eu tinha e n√£o tinha praticamente mais contato nenh",positivo,0.8440453686200375
141,142,80.175088360,2022-06-25 21:23:42+00:00,pt,@jairbolsonaro Ainda??? 2022 e o camarada t√° contra as medidas para minimizar a pandemia? Achou q morreram poucos? Depois n√£o quer ser chamado de genocida;;;,neutro,0.5
142,143,96.11069601,2022-06-25 21:23:40+00:00,pt,"RT @gilsonmachadont: Desde o descobrimento do Brasil,nunca houve tantos brasileiros empregados.;;;",neutro,0.5
143,144, - , - ,pt," A popula√ß√£o ocupada em abril chegou a 97,8‚Ä¶"";;;",negativo,0.2499999999999997
144,145,1.116246333,2022-06-26 21:23:54+00:00,pt,"RT @gracieartsz: vc prefere esmalte preto, vermelho ou branco? pq cresci sendo aluna nota 10 que sempre se cobrou muito, mas dps da pandemi‚Ä¶;;;",positivo,0.75
145,146,9.1491229543339890000,2022-06-26 21:23:54+00:00,pt,RT @schmittpaula: Desde de Mar√ßo 2021 j√° se sabia q pa√≠ses europeus suspenderam a Astrazeneca por causa d co√°gulos. Bruno Graff morreu por‚Ä¶;;;,negativo,0.16666666666666688
146,147,14.74432483,2022-06-26 21:23:53+00:00,pt,E a racista que come√ßou a agredir verbalmente o enfermeiro no shopping recife na fila da vacina e todo mundo filmando e gritando quando v√™ o enfermeiro simplesmente tira a carteira de policial e a leva PRESA https://t.co/qr2xc49YFD;;;,negativo,0.3947368421052628
147,148,18.78254814,2022-06-26 21:23:53+00:00,pt,"RT @gracieartsz: vc prefere esmalte preto, vermelho ou branco? pq cresci sendo aluna nota 10 que sempre se cobrou muito, mas dps da pandemi‚Ä¶;;;",positivo,0.75
148,149,20.12458461,2022-06-26 21:23:52+00:00,pt,@ThiagoFX23 @Ricardo78919872 @LoboBranc0 @JornalOGlobo Kkkkkkkkkkkkkkkkkk;;;,neutro,0.5
149,150, - , - ,pt,n√£o tem nada. N√£o adianta,negativo,0.2499999999999997
150,151, - , - ,pt, maior crise financeira em 80 anos o Brasil segue crescendo. Mesmo o mundo passando por maior pandemia dos √∫ltimos 100 anos,positivo,0.8807189542483653
151,152, - , - ,pt,"Chora verme."";;;",neutro,0.5
152,153,24.1143527,2022-06-26 21:23:52+00:00,pt,"RT @gracieartsz: vc prefere esmalte preto, vermelho ou branco? pq cresci sendo aluna nota 10 que sempre se cobrou muito, mas dps da pandemi‚Ä¶;;;",positivo,0.75
153,154,38.560825868,2022-06-26 21:23:51+00:00,pt,Gilmar Mendes √© diagnosticado com Covid-19 em üáµüáπ;;;,neutro,0.5
154,155,56.12573062,2022-06-26 21:23:48+00:00,pt,"RT @MagnoMalta: Barroso vai √† Inglaterra e mente em palestra. Falou que como pres. do TSE teve trabalho de cuidar da pandemia, do BR e de c‚Ä¶;;;",neutro,0.5
155,156,79.14008192,2022-06-26 21:23:45+00:00,pt,"S√∏ren Brostr√∏m, Diretor-Geral da Autoridade Dinamarquesa de Sa√∫de e Medicamentos, disse √† TV 2 que, com base no conhecimento acumulado, foi um erro vacinar em massa a popula√ß√£o de 5 a 15 anos, aconselhada a receber um imunizante de preven√ß√£o contra complica√ß√µes graves da covid-19 https://t.co/8bFqeZpkzo;;;",neutro,0.5568181818181819
156,157,90.23793814,2022-06-26 21:23:43+00:00,pt,"RT @OsmarTerra: Voc√™s acham que fechar as escolas por 2 anos, como os Governadores brasileiros fizeram na Pandemia, teve algum resultado po‚Ä¶;;;",neutro,0.5
157,158,91.14463056,2022-06-26 21:23:43+00:00,pt,"RT @Lello_Andress: Com 4 doses de vac1na minha m√£e testou positivo pra covid, advinha qm √© o √∫nico que apareceu na casa dela pra visitar? J‚Ä¶;;;",neutro,0.5909090909090907
158,159,94.30258592,2022-06-26 21:23:43+00:00,pt,"RT @mfriasoficial: Quando chamarem o Presidente Bolsonaro de ditador, mostre essa imagem. Ningu√©m vai conseguir apagar o que governadores e‚Ä¶;;;",neutro,0.5
159,160,95.1392842918,2022-06-26 21:23:43+00:00,pt,RT @OsmarTerra: Dinamarca diz que errou ao recomendar vacinas covid para crian√ßas e adolescentes https://t.co/8fOLiGr2OP;;;,neutro,0.5
160,161,28.1870238930,2022-06-27 21:23:52+00:00,pt,RT @LumenaAleluia: a maior fake news da hist√≥ria foi que a pandemia nos tornaria pessoas melhores;;;,negativo,0.2940553515955944
161,162,29.316125554,2022-06-27 21:23:52+00:00,pt,@adviniciuspires @pedroamoriimm @Rodrigo210281 @Euclides_crf @Flamengo S√≥ tem um probleminha: e se chegar l√° na Col√¥mbia e tiverem mais jogadores com covid e n√£o ter time pra jogar? WO = 3x0 pra eles;;;,neutro,0.5095313741064337
162,163,44.1146975869409350000,2022-06-27 21:23:49+00:00,pt,@eulucas_crf Fugiu da covid que ele n√£o √© bobo. √â grupo de alto risco.;;;,negativo,0.0999999999999998
163,164,56.22816267,2022-06-27 21:23:48+00:00,pt,RT @BolsonaroSP: Nunca foi pela sa√∫de. Sempre foi pelo poder.;;;,neutro,0.5
164,165, - , - ,pt,*Via @PlenoNews ;;;,positivo,0.6463414634146343
165,166, - , - ,pt,"https://t.co/V69MKaBSXF https://t.co/REOCYabr2f"";;;",neutro,0.5
166,167,59.1611617,2022-06-27 21:23:48+00:00,pt,RT @BolsonaroSP: Nunca foi pela sa√∫de. Sempre foi pelo poder.;;;,neutro,0.5
167,168, - , - ,pt,*Via @PlenoNews ;;;,positivo,0.6463414634146343
168,169, - , - ,pt,"https://t.co/V69MKaBSXF https://t.co/REOCYabr2f"";;;",neutro,0.5
169,170,60.59510713,2022-06-27 21:23:48+00:00,pt,"RT @floresdepapel6: com 742 laborat√≥rios, √© a maior rede de laborat√≥rios de an√°lises cl√≠nicas francesas, especializada desde o in√≠cio da pa‚Ä¶;;;",neutro,0.5
170,171,64.1093538342778610000,2022-06-27 21:23:47+00:00,pt,@LumenaAleluia Com o desespero e suas pr√≥prias vidas em risco. Era mais que visto que a humanidade se tornaria pior depois de uma pandemia.;;;,positivo,0.8470550981633954
171,172,74.12628256,2022-06-27 21:23:46+00:00,pt,eu tava brincando de m√©dico c minha priminha n√© ai ;;;,neutro,0.5
172,173, - , - ,pt,"agora voc√™ vai tomar vacina"""";;;",neutro,0.5
173,174, - , - ,pt,√© vacina d que?;;;,neutro,0.5
174,175, - , - ,pt,"de bra√ßo"""""";;;",neutro,0.5
175,176,78.12505061,2022-06-27 21:23:46+00:00,pt,@ClauCanuto @sincero_sg @schmittpaula Essa filha das trevas tinha que ser presa !! O rem√©dio existe a 100anos.N√£o tem contra indica√ß√£o nem pra crian√ßa .;;;,positivo,0.9166666666666673
176,177, - , - ,pt,"Meu pai toma de 20 em 20 dias desde o in√≠cio da Pandemia,  viajou ao lado de uma senhor que assim que chegou da viagem foi entubado por Covid e ele nada"";;;",negativo,0.11682242990654228
177,178,90.12167451,2022-06-27 21:23:45+00:00,pt,"a minha m√£e quer me colocar pra fazer a crisma ano q vem... mas mano, como explicar pra ela q eu sou agn√≥stica (quase ateia) e j√° perdi a f√© religiosa desde o come√ßo da pandemia?? Queria falar p ela mas tenho receio de q ela n aceite(ela √© bem religiosa ent √© bem prov√°vel. Pqp;;;",positivo,0.9375000000000007
178,179,98.237078766,2022-06-27 21:23:44+00:00,pt,RT @venecasagrande: Matheus Fran√ßa desceu do avi√£o tamb√©m e est√° fora do jogo Tolima x Flamengo. Ele testou positivo para COVID.;;;,negativo,0.2499999999999997
179,180,7.142911599,2022-06-28 21:23:54+00:00,pt,"@BolsonaroSP Se a perda de empregos dos ultimos anos √© culpa da pandemia, do STF, dos governadores, do Lula, da Nasa, da guerra ou da vacina, porque os poucos ganhos de carteira assinada seriam m√©rito desse governo, Bananinha?;;;",neutro,0.43750000000000044
180,181,16.13809487,2022-06-28 21:23:53+00:00,pt,"RT @jairbolsonaro: - Se fosse pela sa√∫de, n√£o estariam na praia, no futebol ou passeando em Miami enquanto obrigavam voc√™ a ficar em casa,‚Ä¶;;;",positivo,0.6999999999999993
181,182,21.5324319,2022-06-28 21:23:53+00:00,pt,"üáßüá∑ Brasil perde duas crian√ßas abaixo de 5 anos por dia para a Covid, diz estudo;;;",neutro,0.5
182,183, - , - ,pt,An√°lise da Fiocruz mostra que Nordeste lidera mortes; n√∫mero total √© o triplo em rela√ß√£o aos EUA;;,negativo,0.37195121951219495
183,184, - , - ,pt,#coronavirus #covid19 ;;;,neutro,0.5
184,185, - , - ,pt," https://t.co/H8yG4lAaGE"";;;",neutro,0.5
185,186,39.10646807,2022-06-28 21:23:51+00:00,pt,"1 semana sem ver a cremosa ja t√¥ triste, nem parece q come√ßamos a namorar em plena pandemia e nos vimos 5x no ano inteiro kkkk como q eu aguentei vei????;;;",neutro,0.5
186,187,42.109428,2022-06-28 21:23:51+00:00,pt,"cara eu nunca tive infec√ß√£o de urina, nem catapora e nem conjuntivite ((e n peguei covid;;;",negativo,0.2499999999999997
187,188,72.1489971433463860000,2022-06-28 21:23:48+00:00,pt,RT @0C0RV0: Os mesmos picaretas que comandaram a CPI da Pandemia v√£o comandar a CPI do MEC. E ainda dizem que n√£o tem vi√©s eleitoral. ü§°ü§°ü§°;;;,neutro,0.5
188,189,87.1508129074757220000,2022-06-28 21:23:47+00:00,pt,@saulchristos Exatamente! For√ßa Covid!;;;,neutro,0.5
189,190,91.3293271889,2022-06-28 21:23:47+00:00,pt,@sthexs amiga mas independente de covid tem estudos sobre como a quarentena afetou a mem√≥ria;;;,positivo,0.75
190,191,92.13652493,2022-06-28 21:23:47+00:00,pt,"RT @jairbolsonaro: - CHEGAMOS A MAIS UM M√äS COM ALTA DE EMPREGOS: +277 mil novos postos de trabalho em maio. J√° s√£o +4,2 milh√µes gerados de‚Ä¶;;;",neutro,0.5
191,192,95.10703931,2022-06-28 21:23:47+00:00,pt,"RT @CarlosBolsonaro: F√°bio Porchat: ‚Äúfique em casa que a economia a gente v√™ depois‚Äù e use m√°scara. V√≠deo de junho de 2020, em plena pandem‚Ä¶;;;",negativo,0.15247933884297524
192,193,99.701038038202392000,2022-06-28 21:23:47+00:00,pt,Ser√° que o positivo de COVID hoje √© um sinal que vou ganhar na #megasena?!;;;,neutro,0.5
193,194,1.317434316,2022-06-29 21:23:54+00:00,pt,RT @cabogilberto: Governadores contra o Brasil.;;;,neutro,0.5
194,195, - , - ,pt,"Todos os 9 governadores do cons√≥rcio do nordeste mais tr√™s estados acionaram ontem o STF co‚Ä¶"";;;",neutro,0.5
195,196,5.1437484591141560000,2022-06-29 21:23:54+00:00,pt,RT @isa_preto: pq raios eu n√£o comecei a fazer dancinha no tik tok no in√≠cio da pandemia ao inv√©s de come√ßar uma faculdade??!!???!;;;,neutro,0.5434782608695654
196,197,7.108154133,2022-06-29 21:23:54+00:00,pt,"RT @salimmattarbr: A CPI do MEC se aprovada, vai acabar em pizza igual a CPI da Covid que apenas deu palanque para certos senadores j√° bem‚Ä¶;;;",positivo,0.6874999999999996
197,198,9.921762083611475000,2022-06-29 21:23:53+00:00,pt,RT @isa_preto: pq raios eu n√£o comecei a fazer dancinha no tik tok no in√≠cio da pandemia ao inv√©s de come√ßar uma faculdade??!!???!;;;,neutro,0.5434782608695654
198,199,10.976277393840189000,2022-06-29 21:23:53+00:00,pt,RT @isa_preto: pq raios eu n√£o comecei a fazer dancinha no tik tok no in√≠cio da pandemia ao inv√©s de come√ßar uma faculdade??!!???!;;;,neutro,0.5434782608695654
199,200,11.12171105,2022-06-29 21:23:53+00:00,pt,RT @jairbolsonaro: - @govbr defendeu as vidas dos trabalhadores e os empregos dos brasileiros durante e p√≥s-pandemia:;;;,neutro,0.5
200,201, - , - ,pt,"-R$ 660,7 bilh√µes us‚Ä¶"";;;",neutro,0.5
201,202,19.26786477,2022-06-29 21:23:53+00:00,pt,RT @manueloureiro2: J√° se sabia que ia ser uma trag√©dia para quem n√£o p√¥de fugir ao ensino p√∫blico durante a pandemia e o mandato do anteri‚Ä¶;;;,neutro,0.5434782608695654
202,203,21.1286705959361010000,2022-06-29 21:23:53+00:00,pt,tomei vacina do h1n1 acho que meu bra√ßo vai cair a qualquer momento;;;,neutro,0.5
203,204,27.1508536039283070000,2022-06-29 21:23:52+00:00,pt,RT @reportersalles: Proibido questionar: O Youtube decidiu suspender o canal da Assembleia Legislativa de S√£o Paulo (ALESP) por 7 dias aleg‚Ä¶;;;,neutro,0.5
204,205,28.989623813544513000,2022-06-29 21:23:52+00:00,pt,RT @isa_preto: pq raios eu n√£o comecei a fazer dancinha no tik tok no in√≠cio da pandemia ao inv√©s de come√ßar uma faculdade??!!???!;;;,neutro,0.5434782608695654
205,206,33.74802341,2022-06-29 21:23:51+00:00,pt,RT @farias_leonidas: E Disse a atriz senadora que n√£o se importou que a CPI da pandemia terminasse em PIZZA;;;,positivo,0.6874999999999996
206,207, - , - ,pt,"e ja assinou a CPI do MEC"";;;",neutro,0.5
207,208,36.1390827785594310000,2022-06-29 21:23:51+00:00,pt,RT @BolsonaroSP: Hoje a noite vai uma parte e amanh√£ por completo a fant√°stica entrevista do üáßüá∑Presidente @jairbolsonaro para üá∫üá∏Tucker Carl‚Ä¶;;;,neutro,0.5434782608695654
208,209,46.56177691,2022-06-29 21:23:50+00:00,pt,"@falagbrlsns @anathaismatos N√£o conhe√ßo os atuais para julgar... mas lembrei agora do Ivan Grava que se demitiu no caso do Covid e o Bruno Mazziotti que hoje est√° fazendo milagre no Arsenal, eles devem fazer falta nesse DM;;;",positivo,0.9166666666666673
209,210,50.72077177,2022-06-29 21:23:49+00:00,pt,"RT @salimmattarbr: A CPI do MEC se aprovada, vai acabar em pizza igual a CPI da Covid que apenas deu palanque para certos senadores j√° bem‚Ä¶;;;",positivo,0.6874999999999996
210,211,52.1216397990849580000,2022-06-29 21:23:49+00:00,pt,RT @isa_preto: pq raios eu n√£o comecei a fazer dancinha no tik tok no in√≠cio da pandemia ao inv√©s de come√ßar uma faculdade??!!???!;;;,neutro,0.5434782608695654
211,212,54.4556133255,2022-06-29 21:23:49+00:00,pt,RT @isa_preto: pq raios eu n√£o comecei a fazer dancinha no tik tok no in√≠cio da pandemia ao inv√©s de come√ßar uma faculdade??!!???!;;;,neutro,0.5434782608695654
212,213,62.72474106,2022-06-29 21:23:48+00:00,pt,"RT @AdrillesRJorge: CPI de educa√ß√£o agora ser√° uma √≥tima aula de como fazer campanha eleitoral virtual dentro do congresso, sem sair de cas‚Ä¶;;;",neutro,0.5659448818897639
213,214,64.34373788,2022-06-29 21:23:48+00:00,pt,RT @jairbolsonaro: - @govbr defendeu as vidas dos trabalhadores e os empregos dos brasileiros durante e p√≥s-pandemia:;;;,neutro,0.5
214,215, - , - ,pt,"-R$ 660,7 bilh√µes us‚Ä¶"";;;",neutro,0.5
215,216,66.203067736,2022-06-29 21:23:48+00:00,pt,RT @isa_preto: pq raios eu n√£o comecei a fazer dancinha no tik tok no in√≠cio da pandemia ao inv√©s de come√ßar uma faculdade??!!???!;;;,neutro,0.5434782608695654
216,217,72.880115623854039000,2022-06-29 21:23:48+00:00,pt,RT @isa_preto: pq raios eu n√£o comecei a fazer dancinha no tik tok no in√≠cio da pandemia ao inv√©s de come√ßar uma faculdade??!!???!;;;,neutro,0.5434782608695654
217,218,79.4909843031,2022-06-29 21:23:47+00:00,pt,RT @isa_preto: pq raios eu n√£o comecei a fazer dancinha no tik tok no in√≠cio da pandemia ao inv√©s de come√ßar uma faculdade??!!???!;;;,neutro,0.5434782608695654
218,219,85.1204373346667960000,2022-06-29 21:23:47+00:00,pt,RT @isa_preto: pq raios eu n√£o comecei a fazer dancinha no tik tok no in√≠cio da pandemia ao inv√©s de come√ßar uma faculdade??!!???!;;;,neutro,0.5434782608695654
219,220,86.1190129386231600000,2022-06-29 21:23:47+00:00,pt,RT @isa_preto: pq raios eu n√£o comecei a fazer dancinha no tik tok no in√≠cio da pandemia ao inv√©s de come√ßar uma faculdade??!!???!;;;,neutro,0.5434782608695654
220,221,89.1243916,2022-06-29 21:23:46+00:00,pt,RT @OficialAdeodato: Pedro Guimar√£es √© um dos integrantes do governo com os melhores resultados a frente de uma estatal.;;;,negativo,0.284090909090909
221,222, - , - ,pt,"A CEF deixou de se‚Ä¶"";;;",neutro,0.5
222,223,91.540816006,2022-06-29 21:23:46+00:00,pt,RT @isa_preto: pq raios eu n√£o comecei a fazer dancinha no tik tok no in√≠cio da pandemia ao inv√©s de come√ßar uma faculdade??!!???!;;;,neutro,0.5434782608695654
223,224,98.32375376,2022-06-29 21:23:45+00:00,pt,"RT @luskarusso: Um n√∫mero preocupante de beb√™s nascidos durante a pandemia est√£o acabando no hospital em terapia intensiva, eles n√£o desenv‚Ä¶;;;",neutro,0.5508474576271188
224,225,19.11302275,2022-07-01 21:23:53+00:00,pt,@PatrciaParra1 @GiovannySPMinas @LulaOficial E tem mais s conta da COVID ainda n√£o chegou. Vamos levar d√©cadas para voltar ao crescimento do PIB.;;;,neutro,0.5
225,226, - , - ,pt,"Mas agora injetar esse recurso infelizmente eleitoreiro, mas ser√° um alento para quem s√≥ tem √°gua para tomar como refei√ß√£o."";;;",positivo,0.75
226,227,49.46242038,2022-07-01 21:23:50+00:00,pt,Boletim epidemiol√≥gico: 1¬∫de julho c/ 10 casos Covid em J√∫lio de Castilhos https://t.co/e1JYhpjmhz;;;,neutro,0.5
227,228,55.12802425,2022-07-01 21:23:50+00:00,pt,RT @UniversBTS_: [WEVERSE] Hobi üêø #JHOPE ;;;,neutro,0.5
228,229, - , - ,pt,"‚ÄúEstou voltando do trabalho depois de terminar minha agenda!!! Estou t√£o orgulhoso de v√°rias man‚Ä¶"";;;",positivo,0.6176470588235293
229,230,84.578468258,2022-07-01 21:23:47+00:00,pt,@gui_bert0 maldito surto de covid que me afastou de vc nessa sexta‚Ä¶;;;,neutro,0.5
230,231,1.86454444,2022-07-02 21:23:54+00:00,pt,"Rapaz, foi s√≥ ver uns filmezinhos √°gua com a√ß√∫car na Netflix e eu quase desidrato. O combo isolamento + COVID + rem√©dios mil faz cada coisa que sei l√° (com a voz do Tadeu de Pantanar!üòú);;;",positivo,0.6428571428571421
231,232,23.11678385,2022-07-02 21:23:51+00:00,pt,"RT @isissuruagy: Glr descobriram uma variante mt letal do covid que age no cortex central do cerebro, os sintomas s√£o grav√≠ssimos e causam‚Ä¶;;;",positivo,0.7165749379152969
232,233,53.15003466,2022-07-02 21:23:47+00:00,pt,@atzpetit pior que n√£okkzkxkk;;;,neutro,0.5
233,234, - , - ,pt,"tem algumas pessoas que ainda est√£o com covid e tamb√©m tenho autoestima baixa ent√£o ela √© √≥tima pra mim"";;;",neutro,0.5
234,235,5.55947216,2022-07-03 21:23:54+00:00,pt,"@FredLAFernandes Tive uma forma leve de Covid h√° quase um m√™s (depois de quatro doses), a tosse seca passou r√°pido, persiste a fadiga, que parece n√£o ter fim e leve congest√£o nasal.;;;",negativo,0.3643497757847532
235,236,21.1484617978796780000,2022-07-03 21:23:53+00:00,pt,Jo√£o Pessoa disponibiliza pontos de testagem contra a Covid-19 nesta segunda-feira(04) https://t.co/EF2dd9NKRD;;;,neutro,0.5
236,237,26.12225716,2022-07-03 21:23:52+00:00,pt,ontem fui no meu primeiro evento p√∫blico municipal desde a pandemia e desde o carnaval de 2020. ;;;,negativo,0.12499999999999985
237,238, - , - ,pt,"Fiquei 40min no local"";;;",neutro,0.5426136363636364
238,239,28.15299629,2022-07-03 21:23:52+00:00,pt,"RT @xicosa: Vacinas evitaram quase 20 milh√µes de mortes por Covid-19 em 2021, diz estudo https://t.co/DbEJEKBPyb;;;",neutro,0.5
239,240,72.37761046,2022-07-03 21:23:48+00:00,pt,"RT @ayres_britto: Duas constata√ß√µes: a COVID-19 odeia vacina, a fraude eleitoral odeia urna eletr√¥nica.;;;",neutro,0.5
240,241,13.1402663452322230000,2022-07-04 21:23:53+00:00,pt,RT @CarlosS48442375: T√Å TUDO CARO e a √∫nica vacina contra a fome o desemprego e a hiperinfla√ß√£o √© LULA. https://t.co/nuy3AEgUKB;;;,neutro,0.5
241,242,22.14766973,2022-07-04 21:23:52+00:00,pt,-&gt; fui na UBS renovar a receita da minha sertralina ;;,neutro,0.5
242,243, - , - ,pt,-&gt; entrei numa consulta;;,neutro,0.5
243,244, - , - ,pt,-&gt; fui atender um caso de COVID-19 numa gr√°vida;;,neutro,0.5
244,245, - , - ,pt,-&gt; terminei fazendo o pr√©-natal dela;;,neutro,0.5
245,246, - , - ,pt,"isso escalou de uma forma"";;;",neutro,0.5434782608695654
246,247,24.10145497,2022-07-04 21:23:51+00:00,pt,"@silviofilho_PE Foi antes da pandemia, ent√£o n sou;;;",neutro,0.5
247,248,25.35873782,2022-07-04 21:23:51+00:00,pt,RT @SuperesportesMG: Ademir testa positivo para COVID-19 e vira desfalque do Atl√©tico;;;,neutro,0.5
248,249, - , - ,pt,"https://t.co/TlL6u5Qxz1"";;;",neutro,0.5
249,250,29.94242401,2022-07-04 21:23:51+00:00,pt,@babyrxd @LunarMaga @sofiaespanha Acabei de testar positivo.;;;,neutro,0.5
250,251, - , - ,pt,Estou com os seguintes sintomas:;;;,neutro,0.5
251,252, - , - ,pt,Patriotismo üáßüá∑;;;,neutro,0.5
252,253, - , - ,pt,Vontade de Trabalhar üë®‚Äçüåæ;;;,neutro,0.5
253,254, - , - ,pt,F√© em Jesus Cristo ‚úùÔ∏è;;;,positivo,0.7291666666666666
254,255, - , - ,pt,Honestidade üòá;;;,neutro,0.5
255,256, - , - ,pt,Positivo pra COV ID-2Ô∏è‚É£2Ô∏è‚É£;;;,neutro,0.5
256,257, - , - ,pt,Minha vacina √© a BOLSOVAC;;;,neutro,0.5
257,258, - , - ,pt,üíâ 1¬™ dose foi em 2018;;;,negativo,0.23469387755101984
258,259, - , - ,pt,üíâ 2¬™ dose ser√° em 2022;;;,neutro,0.47916666666666646
259,260, - , - ,pt,JAIRMECTINA;;;,neutro,0.5
260,261, - , - ,pt,AZITROMESIAS;;;,neutro,0.5
261,262, - , - ,pt,"HIDROXICLOROMITO üëâ"";;;",neutro,0.5
262,263,46.18339851,2022-07-04 21:23:49+00:00,pt,RT @SuperesportesMG: Ademir testa positivo para COVID-19 e vira desfalque do Atl√©tico;;;,neutro,0.5
263,264, - , - ,pt,"https://t.co/TlL6u5Qxz1"";;;",neutro,0.5
264,265,52.12197676,2022-07-04 21:23:49+00:00,pt,RT @Atletico: üè• DM Informa;;;,neutro,0.5
265,266, - , - ,pt,"O atacante Ademir testou positivo para a Covid-19 e est√° fora do jogo desta ter√ßa-feira, contra o Emelec, pela‚Ä¶"";;;",neutro,0.5
266,267,54.12635859,2022-07-04 21:23:48+00:00,pt,RT @Atletico: üè• DM Informa;;;,neutro,0.5
267,268, - , - ,pt,"O atacante Ademir testou positivo para a Covid-19 e est√° fora do jogo desta ter√ßa-feira, contra o Emelec, pela‚Ä¶"";;;",neutro,0.5
268,269,72.1408458,2022-07-04 21:23:46+00:00,pt,RT @Atletico: üè• DM Informa;;;,neutro,0.5
269,270, - , - ,pt,"O atacante Ademir testou positivo para a Covid-19 e est√° fora do jogo desta ter√ßa-feira, contra o Emelec, pela‚Ä¶"";;;",neutro,0.5
270,271,78.10346508,2022-07-04 21:23:46+00:00,pt,RT @sideologica: Os grupo que mais morre de COVID s√£o os homens mas o destaque da manchete s√£o as mulheres.;;;,positivo,0.75
271,272, - , - ,pt,"Pois √©‚Ä¶ https://t.co/ZHg6grKyR3"";;;",neutro,0.5
272,273,96.2638168,2022-07-04 21:23:43+00:00,pt,RT @Atletico: üè• DM Informa;;;,neutro,0.5
273,274, - , - ,pt,"O atacante Ademir testou positivo para a Covid-19 e est√° fora do jogo desta ter√ßa-feira, contra o Emelec, pela‚Ä¶"";;;",neutro,0.5
274,275,5.55947216,2022-07-03 21:23:54+00:00,pt,"@FredLAFernandes Tive uma forma leve de Covid h√° quase um m√™s (depois de quatro doses), a tosse seca passou r√°pido, persiste a fadiga, que parece n√£o ter fim e leve congest√£o nasal.;;;",negativo,0.3643497757847532
275,276,21.1484617978796780000,2022-07-03 21:23:53+00:00,pt,Jo√£o Pessoa disponibiliza pontos de testagem contra a Covid-19 nesta segunda-feira(04) https://t.co/EF2dd9NKRD;;;,neutro,0.5
276,277,26.12225716,2022-07-03 21:23:52+00:00,pt,ontem fui no meu primeiro evento p√∫blico municipal desde a pandemia e desde o carnaval de 2020. ;;;,negativo,0.12499999999999985
277,278, - , - ,pt,"Fiquei 40min no local"";;;",neutro,0.5426136363636364
278,279,28.15299629,2022-07-03 21:23:52+00:00,pt,"RT @xicosa: Vacinas evitaram quase 20 milh√µes de mortes por Covid-19 em 2021, diz estudo https://t.co/DbEJEKBPyb;;;",neutro,0.5
279,280,72.37761046,2022-07-03 21:23:48+00:00,pt,"RT @ayres_britto: Duas constata√ß√µes: a COVID-19 odeia vacina, a fraude eleitoral odeia urna eletr√¥nica.;;;",neutro,0.5
280,281,13.1402663452322230000,2022-07-04 21:23:53+00:00,pt,RT @CarlosS48442375: T√Å TUDO CARO e a √∫nica vacina contra a fome o desemprego e a hiperinfla√ß√£o √© LULA. https://t.co/nuy3AEgUKB;;;,neutro,0.5
281,282,22.14766973,2022-07-04 21:23:52+00:00,pt,-&gt; fui na UBS renovar a receita da minha sertralina ;;,neutro,0.5
282,283, - , - ,pt,-&gt; entrei numa consulta;;,neutro,0.5
283,284, - , - ,pt,-&gt; fui atender um caso de COVID-19 numa gr√°vida;;,neutro,0.5
284,285, - , - ,pt,-&gt; terminei fazendo o pr√©-natal dela;;,neutro,0.5
285,286, - , - ,pt,"isso escalou de uma forma"";;;",neutro,0.5434782608695654
286,287,24.10145497,2022-07-04 21:23:51+00:00,pt,"@silviofilho_PE Foi antes da pandemia, ent√£o n sou;;;",neutro,0.5
287,288,25.35873782,2022-07-04 21:23:51+00:00,pt,RT @SuperesportesMG: Ademir testa positivo para COVID-19 e vira desfalque do Atl√©tico;;;,neutro,0.5
288,289, - , - ,pt,"https://t.co/TlL6u5Qxz1"";;;",neutro,0.5
289,290,29.94242401,2022-07-04 21:23:51+00:00,pt,@babyrxd @LunarMaga @sofiaespanha Acabei de testar positivo.;;;,neutro,0.5
290,291, - , - ,pt,Estou com os seguintes sintomas:;;;,neutro,0.5
291,292, - , - ,pt,Patriotismo üáßüá∑;;;,neutro,0.5
292,293, - , - ,pt,Vontade de Trabalhar üë®‚Äçüåæ;;;,neutro,0.5
293,294, - , - ,pt,F√© em Jesus Cristo ‚úùÔ∏è;;;,positivo,0.7291666666666666
294,295, - , - ,pt,Honestidade üòá;;;,neutro,0.5
295,296, - , - ,pt,Positivo pra COV ID-2Ô∏è‚É£2Ô∏è‚É£;;;,neutro,0.5
296,297, - , - ,pt,Minha vacina √© a BOLSOVAC;;;,neutro,0.5
297,298, - , - ,pt,üíâ 1¬™ dose foi em 2018;;;,negativo,0.23469387755101984
298,299, - , - ,pt,üíâ 2¬™ dose ser√° em 2022;;;,neutro,0.47916666666666646
299,300, - , - ,pt,JAIRMECTINA;;;,neutro,0.5
300,301, - , - ,pt,AZITROMESIAS;;;,neutro,0.5
301,302, - , - ,pt,"HIDROXICLOROMITO üëâ"";;;",neutro,0.5
302,303,46.18339851,2022-07-04 21:23:49+00:00,pt,RT @SuperesportesMG: Ademir testa positivo para COVID-19 e vira desfalque do Atl√©tico;;;,neutro,0.5
303,304, - , - ,pt,"https://t.co/TlL6u5Qxz1"";;;",neutro,0.5
304,305,52.12197676,2022-07-04 21:23:49+00:00,pt,RT @Atletico: üè• DM Informa;;;,neutro,0.5
305,306, - , - ,pt,"O atacante Ademir testou positivo para a Covid-19 e est√° fora do jogo desta ter√ßa-feira, contra o Emelec, pela‚Ä¶"";;;",neutro,0.5
306,307,54.12635859,2022-07-04 21:23:48+00:00,pt,RT @Atletico: üè• DM Informa;;;,neutro,0.5
307,308, - , - ,pt,"O atacante Ademir testou positivo para a Covid-19 e est√° fora do jogo desta ter√ßa-feira, contra o Emelec, pela‚Ä¶"";;;",neutro,0.5
308,309,72.1408458,2022-07-04 21:23:46+00:00,pt,RT @Atletico: üè• DM Informa;;;,neutro,0.5
309,310, - , - ,pt,"O atacante Ademir testou positivo para a Covid-19 e est√° fora do jogo desta ter√ßa-feira, contra o Emelec, pela‚Ä¶"";;;",neutro,0.5
310,311,78.10346508,2022-07-04 21:23:46+00:00,pt,RT @sideologica: Os grupo que mais morre de COVID s√£o os homens mas o destaque da manchete s√£o as mulheres.;;;,positivo,0.75
311,312, - , - ,pt,"Pois √©‚Ä¶ https://t.co/ZHg6grKyR3"";;;",neutro,0.5
312,313,96.2638168,2022-07-04 21:23:43+00:00,pt,RT @Atletico: üè• DM Informa;;;,neutro,0.5
313,314, - , - ,pt,"O atacante Ademir testou positivo para a Covid-19 e est√° fora do jogo desta ter√ßa-feira, contra o Emelec, pela‚Ä¶"";;;",neutro,0.5
314,315,5.95410351,2022-07-05 21:23:54+00:00,pt,RT @FlavioCadegiani: Uma pessoa voluntariamente compartilha um efeito que teve ‚Äúcoincidentemente‚Äù logo ap√≥s a 4a dose de ‚Äúvacina‚Äù para COVI‚Ä¶;;;,negativo,0.2674418604651165
315,316,10.12703193,2022-07-05 21:23:54+00:00,pt,"@AndrelPaiva10 @pablomarcal As empresas dele foram multadas pq n√£o cumpriu lockdown. Fez evento com mais de 2 mil pessoas em plena pandemia, eu estive ano passado no resort, n√£o deixou tirar foto lacrou os celulares,  pq se tivesse vazado ia dar ruim pa",positivo,0.887755102040816
316,317,12.13101566,2022-07-05 21:23:54+00:00,pt,"RT @geovanneofc: Depois que me recuperei do COVID finalmente, mais uma arte pros senhores üî•üî• o que acharam? https://t.co/7DwTrrLf6P;;;",negativo,0.284090909090909
317,318,15.8175102,2022-07-05 21:23:53+00:00,pt,"RT @anabchamploni: Biroliro e sua trupe de comensais da morte, digo ministros, s√£o um experimento do que acontece as pessoas se pegarem Cov‚Ä¶;;;",positivo,0.75
318,319,55.1136436897717410000,2022-07-05 21:23:50+00:00,pt,Mano nunca aspirei e apliquei tanta vacina igual hj na moral t√¥ vendo bra√ßo e ampola at√© agora;;;,positivo,0.7474226804123716
319,320,78.1297266291347190000,2022-07-05 21:23:48+00:00,pt,peguei covid sem sair do quarto üòÉ;;;,neutro,0.5
320,321,83.13295566,2022-07-05 21:23:48+00:00,pt,"@folha A ci√™ncia n√£o mente, Mario Frias. Toma mais cloroquina ,negou a vacina encheu o rabo de cloroquina  se lascou .;;;",negativo,0.32142857142857145
321,322, - , - ,pt,"N√£o precisa colocar oxig√™nio pra ele l√° ‚Ä¶ esses gados ai  vivem   sem oxig√™nio ok https://t.co/T9PxKxIX2v"";;;",negativo,0.2499999999999997
322,323,84.1103004837220880000,2022-07-05 21:23:48+00:00,pt,@Cativelense N√£o sinta culpado. √â o que todos/as temos mais certo: Covid. As melhoras do puto.;;;,neutro,0.5
323,324,88.38244535,2022-07-05 21:23:47+00:00,pt,"Programa atendeu o col√©gio antes do in√≠cio da pandemia de Covid-19, realizando as etapas pedag√≥gicas e de capacita√ß√£o dos professores para que os alunos elaborassem o cen√°rio de risco do entorno da unidade https://t.co/Bima0qkOiK;;;",neutro,0.5
324,325,29.76548917,2022-07-06 21:23:52+00:00,pt,RT @ramsesdoegito: JAP√ÉO DECLARA AO MUNDO QUE A IVERMECTINA √â MAIS EFICAZ QUE A VACINA;;;,neutro,0.5
325,326, - , - ,pt,"E AGORA, COMO FICA? https://t.co/rjZDGV21AQ"";;;",neutro,0.5
326,327,71.14809236,2022-07-06 21:23:48+00:00,pt,"RT @VamosComTudoCEC: ‚ö†Ô∏èREFOR√áANDO: NO EST√ÅDIO BRINCO DE OURO PRINCESA, EST√ÅDIO DO GUARANI, EST√ÉO EXIGINDO COMPROVANTE VACINAL OU TESTE DE C‚Ä¶;;;",neutro,0.5
327,328,75.14619888,2022-07-06 21:23:48+00:00,pt,"RT @IvanValente: Brasil segue com a 4¬™ PIOR INFLA√á√ÉO DO MUNDO. √â o que mostra o novo relat√≥rio da OCDE. N√£o √© a guerra, n√£o √© a pandemia, √©‚Ä¶;;;",neutro,0.5
328,329,86.12327357,2022-07-06 21:23:47+00:00,pt,"@simonetebetbr Lament√°vel foi sua atua√ß√£o no Circo da Cpi da Covid, onde ajudou a desrespeitar e humilhar mulheres;;;",neutro,0.5
329,330,88.1492579819296590000,2022-07-06 21:23:47+00:00,pt,@simpraisa @GoalBR Vai pegar covid e ficar no dm;;;,neutro,0.5
330,331,25.28699135,2022-07-07 21:23:52+00:00,pt,"@iloveyouseI amg, vai sim, eu tava queimando em febre ontem e dei positivo p covid :(;;;",negativo,0.09999999999999992
331,332,36.45427668,2022-07-07 21:23:51+00:00,pt,"RT @jaciarabri: Covid t√° criando uma legi√£o imensa de calvos e calvas, todo mundo reclamando de queda de cabelo, vai se formando a Gera√ß√£o‚Ä¶;;;",neutro,0.5434782608695654
332,333,47.711401234520010000,2022-07-07 21:23:50+00:00,pt,RT @damadanoite14: A Pfizer parou de testar sua vacina Covid-19 em animais porque eles continuavam morrendo. https://t.co/IQQIrdXEsO;;;,neutro,0.5
333,334,51.13859669,2022-07-07 21:23:50+00:00,pt,"@ojedabtc porra ojeda vamos ser sinceros? n√£o d√° pra ficar quieto contra o lula e colocar ele e o bolsonaro como iguais, no m√≠nimo a inten√ß√£o do bolsonaro √© melhor (privatiza√ß√µes, liberdade na pandemia etc);;;",negativo,0.26963350785340334
334,335,78.97735887,2022-07-07 21:23:47+00:00,pt,"@serialkrller eu tbm, antes da pandemia eu era feliz;;;",positivo,0.8230769230769229
335,336,25.28699135,2022-07-07 21:23:52+00:00,pt,"@iloveyouseI amg, vai sim, eu tava queimando em febre ontem e dei positivo p covid :(;;;",negativo,0.09999999999999992
336,337,36.45427668,2022-07-07 21:23:51+00:00,pt,"RT @jaciarabri: Covid t√° criando uma legi√£o imensa de calvos e calvas, todo mundo reclamando de queda de cabelo, vai se formando a Gera√ß√£o‚Ä¶;;;",neutro,0.5434782608695654
337,338,47.711401234520010000,2022-07-07 21:23:50+00:00,pt,RT @damadanoite14: A Pfizer parou de testar sua vacina Covid-19 em animais porque eles continuavam morrendo. https://t.co/IQQIrdXEsO;;;,neutro,0.5
338,339,50.13859669,2022-07-07 21:23:50+00:00,pt,"@ojedabtc porra ojeda vamos ser sinceros? n√£o d√° pra ficar quieto contra o lula e colocar ele e o bolsonaro como iguais, no m√≠nimo a inten√ß√£o do bolsonaro √© melhor (privatiza√ß√µes, liberdade na pandemia etc);;;",negativo,0.26963350785340334
339,340,77.97735887,2022-07-07 21:23:47+00:00,pt,"@serialkrller eu tbm, antes da pandemia eu era feliz;;;",positivo,0.8230769230769229
340,341,30.3471751,2022-07-08 21:23:51+00:00,pt,"@_apeirofobico @bestilheiro Eu a√≠nda non tiven covid, p√≥dese palmar diso?;;;",neutro,0.5469798657718121
341,342,44.9188902,2022-07-08 21:23:50+00:00,pt,"RT @drauziovarella: Apesar de gratuita, a cobertura vacinal da vacina contra o HPV est√° bem abaixo dos 80% recomendados pelo Minist√©rio da‚Ä¶;;;",neutro,0.5
342,343,48.14023113,2022-07-08 21:23:50+00:00,pt,"@Berg__s @levisback As falas dele durante a  serie "" isso √© tudo culpa da midia""""jornalistazinho de merda""  Isso √© fake news"" "" podem sair de casa, t√° seguro "" (refer√™ncia a pandemia).;;;",negativo,0.2940553515955944
343,344, - , - ,pt," Deus √© nosso salvador"""";;;",positivo,0.6428571428571421
344,345, - , - ,pt," isso √© patriotico"""" ;;;",neutro,0.5
345,346, - , - ,pt,"E s√≥ citei 5% das falas kkkk"";;;",positivo,0.9166666666666673
346,347,72.10247662,2022-07-08 21:23:47+00:00,pt,"RT @JornalBSM: A partir de nova atualiza√ß√£o nos dados do SUS, o especialista em armazenamento de dados, Lorenzo Ridolfi, comprovou que pess‚Ä¶;;;",positivo,0.9722222222222205
347,348,74.14094831,2022-07-08 21:23:46+00:00,pt,"RT @jairbolsonaro: - Sem falar daqueles que na pandemia, al√©m de tratar como bandido quem tinha que trabalhar para sobreviver, aproveitaram‚Ä¶;;;",neutro,0.5
348,349,98.99935401,2022-07-08 21:23:43+00:00,pt,"Quando eu penso que eu irei ficar boa das quedas de cabelo, a√≠ vem o COVID e me tomba. üò≠;;;",positivo,0.9166666666666673
349,350,7.4803792016,2022-07-09 21:23:54+00:00,pt,Meti tanto repelente pra mosquitos que agora n√£o sei se estou com falta de ar do covid ou intoxicado por causa do repelente.;;;,neutro,0.5
350,351,47.95842393,2022-07-09 21:23:49+00:00,pt,As celebra√ß√µes dos manifestantes continuam!;;;,neutro,0.5
351,352, - , - ,pt,"O governo do Sri Lanka cortou 7 impostos e diminuiu o IVA de 15% para 8%, o turismo que praticamente sustentava o pa√≠s teve forte queda devido a Covid e com as privatiza√ß√µes dos √∫ltimos 50 anos, o estado tem pouca fonte de arrecada√ß√£o. https://t.co/xEsbjyvrnQ"";;;",negativo,0.25000000000000033
352,353,64.1269069297659320000,2022-07-09 21:23:46+00:00,pt,Me curei da dengue em uma semana e positivei para covid na outra! Que mar√© hein‚Ä¶;;;,neutro,0.5434782608695654
353,354,94.3589696,2022-07-09 21:23:41+00:00,pt,"meu deus, meu c√©rebro derreteu por causa da covid. Ele j√° era ruim, mas eu n√£o consigo mais nem colocar as ideias em ordem, parece que eu to chapado de um jeito ruim;;;",positivo,0.736238532110093
354,355,30.1541163729705890000,2022-07-10 21:23:50+00:00,pt,RT @hipersurf: Ant√≥nio Costa; o pa√≠s n√£o est√° interessado nos casos e casinhos que eles inventam. Inven√ß√µes; 107 mortos por inc√∫ria nos inc‚Ä¶;,positivo,0.6249999999999998
355,356,60.13430154,2022-07-10 21:23:46+00:00,pt,"RT @saramacciel: eu nunca tive dengue, nem zika, nem h1n1, nem ebola, nem chikungunya, nem h3n2, nem covid, eu sou praticamente um X MEN da‚Ä¶;;;",neutro,0.5684713375796179
356,357,70.13268404,2022-07-10 21:23:45+00:00,pt,"RT @palmeirasptd: O protocolo de 7 dias de afastamento por covid s√≥ valeu pro Abel? Adson, do rival, testou positivo h√° 6 dias e t√° jogando‚Ä¶;;;",neutro,0.48339305402425603
357,358,84.10817379,2022-07-10 21:23:43+00:00,pt,RT @alertatotal: Acabei de testar positivo.;;;,neutro,0.5
358,359, - , - ,pt,Estou com os seguintes sintomas:;;;,neutro,0.5
359,360, - , - ,pt,Patriotismo üáßüá∑;;;,neutro,0.5
360,361, - , - ,pt,Vontade de Trabalhar üë®‚Äçüåæ;;;,neutro,0.5
361,362, - , - ,pt,"F√© em Jesus Cristo ‚úùÔ∏è‚Ä¶"";;;",positivo,0.7291666666666666
362,363,86.14056315,2022-07-10 21:23:43+00:00,pt,RT @TonyStarkMeta: Atletas que n√£o tomaram vacina v√£o come√ßar a ganhar tudo nos esportes individuais. ;;;,neutro,0.5
363,364, - , - ,pt,"Sabem pq ?"";;;",neutro,0.5
364,365,13.12541424,2022-07-11 21:23:53+00:00,pt,RT @RIC0_PINHEIR0: JAP√ÉO DECLARA AO MUNDO QUE A IVERMECTINA √â MAIS EFICAZ QUE A VACINA;;;,neutro,0.5
365,366, - , - ,pt,"E AGORA, COMO FICA? https://t.co/ZDp6enUcGw"";;;",neutro,0.5
366,367,17.90723571,2022-07-11 21:23:53+00:00,pt,"RT @leandroruschel: ""Jair Bolsonaro est√° com Covid-19. Tor√ßo para que o quadro se agrave e ele morra. Nada pessoal."";;;",negativo,0.0999999999999998
367,368, - , - ,pt,"H√©lio Schwartsman, in‚Ä¶"";;;",neutro,0.5
368,369,44.14922572,2022-07-11 21:23:50+00:00,pt,RT @RIC0_PINHEIR0: JAP√ÉO DECLARA AO MUNDO QUE A IVERMECTINA √â MAIS EFICAZ QUE A VACINA;;;,neutro,0.5
369,370, - , - ,pt,"E AGORA, COMO FICA? https://t.co/ZDp6enUcGw"";;;",neutro,0.5
370,371,58.151584335,2022-07-11 21:23:48+00:00,pt,RT @KennedyAlencar: Democratas de pandemia c√∫mplices por a√ß√£o ou omiss√£o pela ascens√£o de Bolsonaro ao poder andam responsabilizando a ‚Äúpol‚Ä¶;;;,neutro,0.5
371,372,61.64503527,2022-07-11 21:23:48+00:00,pt,COVID do caralho me privando de ver um filminho abra√ßada na @anarocha95 ‚òπÔ∏è https://t.co/uh3T5WZxIC;;;,neutro,0.5
372,373,64.10194137,2022-07-11 21:23:48+00:00,pt,RT @kim_maim: Acabei de testar positivo.;;;,neutro,0.5
373,374, - , - ,pt,Estou com os seguintes sintomas:;;;,neutro,0.5
374,375, - , - ,pt,Patriotismo üáßüá∑;;;,neutro,0.5
375,376, - , - ,pt,Vontade de Trabalhar üë®‚Äçüåæ;;;,neutro,0.5
376,377, - , - ,pt,F√© em Jesus Cristo ‚úùÔ∏è;;;,positivo,0.7291666666666666
377,378, - , - ,pt,"Ho‚Ä¶"";;;",neutro,0.5
378,379,67.24587233,2022-07-11 21:23:47+00:00,pt,Ser seu pr√≥prio chefe √© n√£o querer se dar um dia de folga mesmo estando com COVID. Preciso de intermedia√ß√£o com leis trabalhistas.;;;,positivo,0.7500000000000009
379,380,79.14272467,2022-07-11 21:23:46+00:00,pt,"@kyamirii Teve covid? Queda de cabelo √© um sintoma colateral, minha m√£e ficou e t√° tomando uns rem√©dios;;;",neutro,0.5
380,381,83.10976499,2022-07-11 21:23:46+00:00,pt,RT @RIC0_PINHEIR0: JAP√ÉO DECLARA AO MUNDO QUE A IVERMECTINA √â MAIS EFICAZ QUE A VACINA;;;,neutro,0.5
381,382, - , - ,pt,"E AGORA, COMO FICA? https://t.co/ZDp6enUcGw"";;;",neutro,0.5
382,383,85.21935674,2022-07-11 21:23:46+00:00,pt,"RT @leandroruschel: ""Jair Bolsonaro est√° com Covid-19. Tor√ßo para que o quadro se agrave e ele morra. Nada pessoal."";;;",negativo,0.0999999999999998
383,384, - , - ,pt,"H√©lio Schwartsman, in‚Ä¶"";;;",neutro,0.5
384,385,4.122016869,2022-07-12 21:23:54+00:00,pt,"@caiocgomes voce nao acha ele MUITO BURRO por ter se colocado dessa maneira na pandemia? se ele tivesse feito PELO MENOS ISSO bem feito, hoje ele teria muito mais apoio. mas por algum motivo ele quis matar gente;;;",neutro,0.5
385,386,30.66400149,2022-07-12 21:23:51+00:00,pt,E amiga da mam√£e falando que fez teste do COVID porque queriansaber como era kkk ela disse que se arrependeu kkk;;;,positivo,0.736238532110092
386,387,47.14619888,2022-07-12 21:23:49+00:00,pt,"RT @GatoConectado13: Mais de 2,8 milh√µes de pessoas n√£o tomaram dose de refor√ßo da Covid-19 em SC, reduto de Patriotas bolsonaristas.;;;",neutro,0.47916666666666646
387,388, - , - ,pt,"Sent‚Ä¶"";;;",neutro,0.5
388,389,49.1487232936038610000,2022-07-12 21:23:49+00:00,pt,RT @rodriguex_vi: na pandemia eu estava vivendo mais do q agr;;;,neutro,0.5
389,390,79.2852481735,2022-07-12 21:23:46+00:00,pt,Est√° dispon√≠vel a vacina Meningoc√≥cica C (Conjugada) para crian√ßas N√ÉO vacinadas at√© 10 anos de idade e para trabalhadores da sa... https://t.co/NDrhuzMk74;;;,neutro,0.5
390,391,3.134438217,2022-07-13 21:23:54+00:00,pt,RT @farias_leonidas: Era mais importante defender a corrup√ß√£o;;;,positivo,0.6079545454545449
391,392, - , - ,pt,do que salvar vidas na Pandemia;;;,neutro,0.5
392,393, - , - ,pt,"Ningu√©m se esfor√ßou verdadeiramente para o i‚Ä¶"";;;",neutro,0.5
393,394,13.12548358,2022-07-14 21:23:54+00:00,pt,RT @alexlimareal: üíâ Covid: quando chegar√° nova gera√ß√£o de vacinas que protegem mais contra variantes;;;,positivo,0.7000000000000001
394,395, - , - ,pt,"O surgimento imprevis√≠vel de novas li‚Ä¶"";;;",neutro,0.5
395,396,15.14835203,2022-07-14 21:23:53+00:00,pt,"Bozo Nunca quis o BOLSA FAM√çLIA, N√ÉO QUIS DAR O AUX√çLIO EMERGENCIAL NA PANDEMIA (qnd concordou quis dar 200 reais ) A OPOSI√á√ÉO Q LUTOU PELO POVO BRASILEIRO ,Q ESTAVAM NA  PANDEMIA ,SEM AUX√çLIO E VACINAS ‚õî;;;",positivo,0.9126984126984133
396,397, - , - ,pt,"ü§î AGORA ESSA #PECkamikaze ELEITOREIRA ! ELE N√ÉO VAI ENGANAR O POVO üáßüá∑üòí https://t.co/lX8wUyQZI7"";;;",negativo,0.2499999999999997
397,398,53.12581535,2022-07-14 21:23:48+00:00,pt,"minha tia inconsequente pegou covid em pleno 2022, isso so pode ser sacanagem n eh poss√≠vel;;;",positivo,0.75
398,399,58.1406996715576720000,2022-07-14 21:23:48+00:00,pt,mam√£e e bini t√£o c covid;;;,neutro,0.5
399,400,2.951662507084697000,2022-07-15 21:23:54+00:00,pt,@flpsgalo @leandro31082959 @SuperesportesMG @Cruzeiro A pandemia tava onde? Tem probleminha ou se faz de doido. Depois n√£o quer que o Globo Rural fique zoando.;;;,positivo,0.7187500000000001
400,401,49.15194508,2022-07-15 21:23:49+00:00,pt,RT @renatobarrosbr: carne estragada de aterros...;;;,neutro,0.5
401,402, - , - ,pt,Quanto tempo para a Argentina chegar a este patamar?;;;,positivo,0.6999999999999993
402,403, - , - ,pt,"Segundo Alberto Fernandez, tudo o q‚Ä¶"";;;",negativo,0.2499999999999997
403,404,63.1243398475334570000,2022-07-15 21:23:48+00:00,pt,fiquei papo de 4 horas no posto pra tomar vacina da gripe e covid;;;,positivo,0.6874999999999996
404,405,93.13767023,2022-07-15 21:23:44+00:00,pt,"RT @LucianoHangBr: Como diziam os esquerdistas quando a Argentina tava fechando tudo na pandemia ""COMO √â BOM TER PRESIDENTE"" o tempo √© o se‚Ä¶;;;",positivo,0.6999999999999993
405,406,95.31532189,2022-07-15 21:23:44+00:00,pt,"COVID confirmado, agora √© aguentar firme e torcer pra que as vacinas fa√ßam o seu trabalho. Enquanto isso o v√≠rus t√° a√≠ circulando, bem pertinho de n√≥s, bem longe de ser uma gripezinha que passa e s√≥ volta um ano depois.;;;",neutro,0.5434782608695654
406,407,17.88206114,2022-07-16 21:23:52+00:00,pt,RT @import_robs: Ontem fui no primeiro evento com muita gente - ao ar livre - desde o come√ßo da pandemia em 2020.;;;,negativo,0.12499999999999985
407,408, - , - ,pt,"Eu tinha me esquecido co‚Ä¶"";;;",neutro,0.5
408,409,29.10160809,2022-07-18 21:23:51+00:00,pt,"RT @brasildefato: ""O bloqueio √© um entrave constante para os cubanos"", comenta a presidenta do comit√™ de inova√ß√£o cient√≠fica contra a covid‚Ä¶;;;",neutro,0.5
409,410,40.15134875,2022-07-18 21:23:50+00:00,pt,"RT @depjesse: Socialismo na pr√°tica: a Argentina estendeu a data de validade de vacinas contra a covid-19, prorrogando o prazo por at√© 12 m‚Ä¶;;;",negativo,0.38235294117647034
410,411,52.3050003247,2022-07-18 21:23:49+00:00,pt,@urubullish Como pode algu√©m admirar uma pessoa  que passou a Covid que matou a m√£e e depois mentiu sobre a causa do √≥bito.;;;,neutro,0.5434782608695654
411,412,90.98494047,2022-07-18 21:23:44+00:00,pt,"RT @MarcosRogerio: Nossa economia foi ao fundo do po√ßo depois de 13 anos do PT. Com Bolsonaro, o pa√≠s atravessou bem a pandemia (apesar de‚Ä¶;;;",neutro,0.5
412,413,91.29760896,2022-07-18 21:23:44+00:00,pt,"RT @cirogomos: cirogomes: Sabe qual √© a vacina contra essa polariza√ß√£o despolitizada, odienta, corrupta e sem propostas para o Brasil? Veja‚Ä¶;;;",neutro,0.5
413,414,1.810079377,2022-07-19 23:54:59+00:00,pt,"RT @jairbolsonaro: - Gra√ßas a essas medidas, bem como aquelas implementadas ainda em 2019, como a lei da liberdade econ√¥mica, o Brasil est√°‚Ä¶;;;",negativo,0.2499999999999997
414,415,15.1154901370429940000,2022-07-19 23:54:57+00:00,pt,@__Lorranna__ @PlanaltoCoveiro Fiz para ver receita durante a pandemia. √â s√≥. N√£o interajo com ningu√©m l√°. √â muito chato e repetitivo;;;,neutro,0.5
415,416,26.14211044,2022-07-19 23:54:56+00:00,pt,"@contagemcorona1 √â o resultado de mais de um ano de declara√ß√µes irrespons√°veis contra a vacina vinda de ambos os lados, isto √©, pro e anti-vax. A vacina √© usada em 56 pa√≠ses mas ambos os lados usam a m√©trica ocidental da figura  para falar que ela",positivo,0.8023255813953484
416,417,34.94885593,2022-07-19 23:54:55+00:00,pt,"Sarah morreu em 2020 de Covid-19. Um importante filme de sua carreira chama-se Sambizanga. Lan√ßado em 1972, conta a hist√≥ria de Maria, uma mulher que percorre uma cidade angolana em busca do marido Domingos, que foi preso pela pol√≠cia portuguesa ap√≥s conflitos violentos.;;;",negativo,0.17587341443352503
417,418,54.1494030496757600000,2022-07-19 23:54:53+00:00,pt,@mqueiroga2 S√≥ n√£o reconhece o desastre da inocula√ß√£o de vachinas desatualizadas e n√£o acelera a produ√ß√£o da vacina do Incor.;;;,neutro,0.5
418,419,97.1443777,2022-07-19 23:54:46+00:00,pt,"@barbrum_ Mas eu sei o motivo kkkk num √© Covid n√£o, fica tranquila üòÇüòÇ;;;",positivo,0.9000000000000002
419,420,40.33425393,2022-07-20 23:54:54+00:00,pt,em mim a astrazeneca √© definitivamente a vacina que imuniza na base da porrada msm.;;;,neutro,0.5568181818181819
420,421,65.25192228,2022-07-20 23:54:51+00:00,pt,"RT @PauloAl79251677: O PS tem desculpas para tudo‚Ä¶ou √© a pandemia, a guerra, os incendi√°rios, as pessoas etc‚Ä¶Mas o Passos Coelho n√£o se pod‚Ä¶;;;",positivo,0.75
421,422,71.11943271,2022-07-20 23:54:50+00:00,pt,"RT @helenachagas: Falta rem√©dio, como amoxilina, nos hospitais, falta vacina BCG para beb√™s nos postos de sa√∫de. H√° d√©cadas n√£o v√≠amos prob‚Ä¶;;;",neutro,0.5
422,423,96.13773218,2022-07-20 23:54:47+00:00,pt,"@z4ljdb Imagina querer de volta o cara que deixou morreu 600 mil pessoas de Covid kkkk √© o c√∫mulo. Deus falou pra ele n√£o pegar as vacinas ?, que Deus √© esse ?.;;;",negativo,0.08536585365853698
423,424,39.92304582,2022-07-21 23:54:56+00:00,pt,finalmente tomei a 3a dose da AstraZeneca e tenho certeza que a vacina t√° se vingando pelo tempo que eu demorei;;;,positivo,0.6822033898305082
424,425,47.11935412,2022-07-21 23:54:56+00:00,pt,"RT @lftofoli: Est√° no ar a nossa pesquisa que avalia o impacto de diversos h√°bitos e o impacto na evolu√ß√£o da COVID-19. Por favor, particip‚Ä¶;;;",neutro,0.46875000000000006
425,426,51.977873593601286000,2022-07-21 23:54:55+00:00,pt,RT @rafaelbboa: Est√£o prontos para um pa√≠s saindo de FALIDO para SUPERAVIT√ÅRIO em apenas 4 anos - sendo 3 vivendo em meio a uma GUERRA MUND‚Ä¶;;;,positivo,0.7812500000000012
426,427,84.14796189,2022-07-21 23:54:52+00:00,pt,"O presidente americano, #JoeBiden, testou hoje (21) positivo para coronavirus.;;;",neutro,0.5
427,428, - , - ,pt,"O coordenador para o v√≠rus da Casa Branca, Dr. Ashish Jha, disse para √† NBC News que o presidente Biden est√° """"cansado"""" e com """"nariz escorrendo e tosse seca""""."";;;",positivo,0.667040358744394
428,429,39.92304582,2022-07-21 23:54:56+00:00,pt,finalmente tomei a 3a dose da AstraZeneca e tenho certeza que a vacina t√° se vingando pelo tempo que eu demorei;;;,positivo,0.6822033898305082
429,430,47.11935412,2022-07-21 23:54:56+00:00,pt,"RT @lftofoli: Est√° no ar a nossa pesquisa que avalia o impacto de diversos h√°bitos e o impacto na evolu√ß√£o da COVID-19. Por favor, particip‚Ä¶;;;",neutro,0.46875000000000006
430,431,51.977873593601286000,2022-07-21 23:54:55+00:00,pt,RT @rafaelbboa: Est√£o prontos para um pa√≠s saindo de FALIDO para SUPERAVIT√ÅRIO em apenas 4 anos - sendo 3 vivendo em meio a uma GUERRA MUND‚Ä¶;;;,positivo,0.7812500000000012
431,432,84.14796189,2022-07-21 23:54:52+00:00,pt,"O presidente americano, #JoeBiden, testou hoje (21) positivo para coronavirus.;;;",neutro,0.5
432,433, - , - ,pt,"O coordenador para o v√≠rus da Casa Branca, Dr. Ashish Jha, disse para √† NBC News que o presidente Biden est√° """"cansado"""" e com """"nariz escorrendo e tosse seca""""."";;;",positivo,0.667040358744394
433,434,39.92304582,2022-07-21 23:54:56+00:00,pt,finalmente tomei a 3a dose da AstraZeneca e tenho certeza que a vacina t√° se vingando pelo tempo que eu demorei,positivo,0.6822033898305082
434,435,47.11935412,2022-07-21 23:54:56+00:00,pt,"RT @lftofoli: Est√° no ar a nossa pesquisa que avalia o impacto de diversos h√°bitos e o impacto na evolu√ß√£o da COVID-19. Por favor, particip‚Ä¶",neutro,0.46875000000000006
435,436,51.977873593601286000,2022-07-21 23:54:55+00:00,pt,RT @rafaelbboa: Est√£o prontos para um pa√≠s saindo de FALIDO para SUPERAVIT√ÅRIO em apenas 4 anos - sendo 3 vivendo em meio a uma GUERRA MUND‚Ä¶,positivo,0.7812500000000012
436,437,84.14796189,2022-07-21 23:54:52+00:00,pt,"O presidente americano, #JoeBiden, testou hoje (21) positivo para coronavirus.;;;",neutro,0.5
437,438, - , - ,pt,"O coordenador para o v√≠rus da Casa Branca, Dr. Ashish Jha, disse para √† NBC News que o presidente Biden est√° """"cansado"""" e com """"nariz escorrendo e tosse seca""""."",;;;",positivo,0.667040358744394
438,439,39.92304582,2022-07-21 23:54:56+00:00,pt,finalmente tomei a 3a dose da AstraZeneca e tenho certeza que a vacina t√° se vingando pelo tempo que eu demorei,positivo,0.6822033898305082
439,440,47.11935412,2022-07-21 23:54:56+00:00,pt,RT @lftofoli: Est√° no ar a nossa pesquisa que avalia o impacto de diversos h√°bitos e o impacto na evolu√ß√£o da COVID-19. Por favor,neutro,0.46875000000000006
440,441,51.97787359,2022-07-21 23:54:55+00:00,pt,RT @rafaelbboa: Est√£o prontos para um pa√≠s saindo de FALIDO para SUPERAVIT√ÅRIO em apenas 4 anos - sendo 3 vivendo em meio a uma GUERRA MUND‚Ä¶;,positivo,0.7812500000000012
441,442,84.14796189,2022-07-21 23:54:52+00:00,pt,O presidente americano  #JoeBiden  testou hoje (21) positivo para coronavirus.,neutro,0.5
442,443, - , - ,pt,"O coordenador para o v√≠rus da Casa Branca  Dr. Ashish Jha  disse para √† NBC News que o presidente Biden est√° """"cansado"""" e com """"nariz escorrendo e tosse seca""""."";",positivo,0.667040358744394
